"Product Name","","","","","","","",""
"Aluminium Sulphate","","","","","","","",""
"Aluminum phosphide","","","","","","","",""
"Aminomethyl Propanol","","","","","","","",""
"Ammonia Solution 25%","","","","","","","",""
"Ammonium Acetate","","","","","","","",""
"Ammonium Bicarbonate","","","","","","","",""
"Ammonium Bifluoride","","","","","","","",""
"Ammonium Bromide","","","","","","","",""
"Ammonium Carbonate","","","","","","","",""
"Ammonium Chloride","","","","","","","",""
"Ammonium Molybdate","","","","","","","",""
"Ammonium Nitrate","","","","","","","",""
"Ammonium Persulphate","","","","","","","",""
"Ammonium Phosphate","","","","","","","",""
"Ammonium Sulphate","","","","","","","",""
"Ammonium sulphide","","","","","","","",""
"Ammonium Thiocyanate ","","","","","","","",""
